Position,Name + ID,Name,ID,Roster Position,Salary,Game Info,TeamAbbrev,AvgPointsPerGame
PG/SG,James Harden (11735149),James Harden,11735149,PG/SG/G/UTIL,11900,CHI@HOU 12/01/2018 08:00PM ET,HOU,56.64
SF/PF,Kevin Durant (11735153),Kevin Durant,11735153,SF/PF/F/UTIL,10800,GS@DET 12/01/2018 07:00PM ET,GS,52.98
SF/PF,Kawhi Leonard (11735157),Kawhi Leonard,11735157,SF/PF/F/UTIL,9600,TOR@CLE 12/01/2018 08:00PM ET,TOR,45.16
C,Andre Drummond (11735161),Andre Drummond,11735161,C/UTIL,9400,GS@DET 12/01/2018 07:00PM ET,DET,47.60
PF/C,Blake Griffin (11735163),Blake Griffin,11735163,PF/C/F/UTIL,9300,GS@DET 12/01/2018 07:00PM ET,DET,46.88
C,Karl-Anthony Towns (11735167),Karl-Anthony Towns,11735167,C/UTIL,9200,BOS@MIN 12/01/2018 08:00PM ET,MIN,44.01
PG/SG,Stephen Curry (11735169),Stephen Curry,11735169,PG/SG/G/UTIL,9000,GS@DET 12/01/2018 07:00PM ET,GS,48.62
PG,John Wall (11735173),John Wall,11735173,PG/G/UTIL,8900,BKN@WAS 12/01/2018 07:00PM ET,WAS,42.66
PG/SG,Victor Oladipo (11735176),Victor Oladipo,11735176,PG/SG/G/UTIL,8800,IND@SAC 12/01/2018 10:00PM ET,IND,41.31
PG,Kyrie Irving (11735180),Kyrie Irving,11735180,PG/G/UTIL,8700,BOS@MIN 12/01/2018 08:00PM ET,BOS,42.69
PG,Kyle Lowry (11735183),Kyle Lowry,11735183,PG/G/UTIL,8400,TOR@CLE 12/01/2018 08:00PM ET,TOR,40.34
PG/SG,Zach LaVine (11735186),Zach LaVine,11735186,PG/SG/G/UTIL,8200,CHI@HOU 12/01/2018 08:00PM ET,CHI,40.68
PF/C,Kevin Love (11735190),Kevin Love,11735190,PF/C/F/UTIL,8000,TOR@CLE 12/01/2018 08:00PM ET,CLE,42.88
SG,Bradley Beal (11735194),Bradley Beal,11735194,SG/G/UTIL,8000,BKN@WAS 12/01/2018 07:00PM ET,WAS,37.83
PG,Chris Paul (11735197),Chris Paul,11735197,PG/G/UTIL,7900,CHI@HOU 12/01/2018 08:00PM ET,HOU,40.14
C,Clint Capela (11735200),Clint Capela,11735200,C/UTIL,7800,CHI@HOU 12/01/2018 08:00PM ET,HOU,40.67
PF/C,Domantas Sabonis (11735202),Domantas Sabonis,11735202,PF/C/F/UTIL,7600,IND@SAC 12/01/2018 10:00PM ET,IND,34.58
PG/SG,D'Angelo Russell (11735206),D'Angelo Russell,11735206,PG/SG/G/UTIL,7200,BKN@WAS 12/01/2018 07:00PM ET,BKN,34.67
SG,Klay Thompson (11735210),Klay Thompson,11735210,SG/G/UTIL,7100,GS@DET 12/01/2018 07:00PM ET,GS,33.74
PF/C,Draymond Green (11735213),Draymond Green,11735213,PF/C/F/UTIL,7000,GS@DET 12/01/2018 07:00PM ET,GS,31.12
PG,De'Aaron Fox (11735217),De'Aaron Fox,11735217,PG/G/UTIL,6900,IND@SAC 12/01/2018 10:00PM ET,SAC,36.73
SF/PF,Jabari Parker (11735220),Jabari Parker,11735220,SF/PF/F/UTIL,6800,CHI@HOU 12/01/2018 08:00PM ET,CHI,30.70
SF/PF,Jayson Tatum (11735224),Jayson Tatum,11735224,SF/PF/F/UTIL,6700,BOS@MIN 12/01/2018 08:00PM ET,BOS,30.52
SF/PF,Robert Covington (11735228),Robert Covington,11735228,SF/PF/F/UTIL,6500,BOS@MIN 12/01/2018 08:00PM ET,MIN,28.87
PF/C,Al Horford (11735232),Al Horford,11735232,PF/C/F/UTIL,6400,BOS@MIN 12/01/2018 08:00PM ET,BOS,29.96
PG/SG,Spencer Dinwiddie (11735236),Spencer Dinwiddie,11735236,PG/SG/G/UTIL,6300,BKN@WAS 12/01/2018 07:00PM ET,BKN,28.13
PF,Pascal Siakam (11735240),Pascal Siakam,11735240,PF/F/UTIL,6200,TOR@CLE 12/01/2018 08:00PM ET,TOR,29.77
SG/SF,Eric Gordon (11735243),Eric Gordon,11735243,SG/SF/F/G/UTIL,6100,CHI@HOU 12/01/2018 08:00PM ET,HOU,25.57
SF,Caris LeVert (11735250),Caris LeVert,11735250,SF/F/UTIL,6000,BKN@WAS 12/01/2018 07:00PM ET,BKN,32.04
PG,Jeff Teague (11735257),Jeff Teague,11735257,PG/G/UTIL,6000,BOS@MIN 12/01/2018 08:00PM ET,MIN,29.69
PF/C,DeMarcus Cousins (11735253),DeMarcus Cousins,11735253,PF/C/F/UTIL,6000,GS@DET 12/01/2018 07:00PM ET,GS,0
C,Willie Cauley-Stein (11735248),Willie Cauley-Stein,11735248,C/UTIL,6000,IND@SAC 12/01/2018 10:00PM ET,SAC,30.93
PG/SG,Derrick Rose (11735262),Derrick Rose,11735262,PG/SG/G/UTIL,5900,BOS@MIN 12/01/2018 08:00PM ET,MIN,31.2
C,Myles Turner (11735260),Myles Turner,11735260,C/UTIL,5900,IND@SAC 12/01/2018 10:00PM ET,IND,26.19
PF/C,Serge Ibaka (11735266),Serge Ibaka,11735266,PF/C/F/UTIL,5800,TOR@CLE 12/01/2018 08:00PM ET,TOR,31.57
C,Tristan Thompson (11735272),Tristan Thompson,11735272,C/UTIL,5800,TOR@CLE 12/01/2018 08:00PM ET,CLE,30.37
C,Dwight Howard (11735270),Dwight Howard,11735270,C/UTIL,5800,BKN@WAS 12/01/2018 07:00PM ET,WAS,27.03
PF/C,Markieff Morris (11735274),Markieff Morris,11735274,PF/C/F/UTIL,5700,BKN@WAS 12/01/2018 07:00PM ET,WAS,23.04
SG/SF,Buddy Hield (11735278),Buddy Hield,11735278,SG/SF/F/G/UTIL,5700,IND@SAC 12/01/2018 10:00PM ET,SAC,31.34
PG,Collin Sexton (11735295),Collin Sexton,11735295,PG/G/UTIL,5600,TOR@CLE 12/01/2018 08:00PM ET,CLE,23.23
SF/PF,Otto Porter Jr. (11735298),Otto Porter Jr.,11735298,SF/PF/F/UTIL,5600,BKN@WAS 12/01/2018 07:00PM ET,WAS,25.76
PG/SG,Reggie Jackson (11735302),Reggie Jackson,11735302,PG/SG/G/UTIL,5600,GS@DET 12/01/2018 07:00PM ET,DET,27.18
SG/SF,Justin Holiday (11735286),Justin Holiday,11735286,SG/SF/F/G/UTIL,5600,CHI@HOU 12/01/2018 08:00PM ET,CHI,27.85
PG/SG,Kris Dunn (11735291),Kris Dunn,11735291,PG/SG/G/UTIL,5600,CHI@HOU 12/01/2018 08:00PM ET,CHI,23
PF,Marvin Bagley III (11735283),Marvin Bagley III,11735283,PF/F/UTIL,5600,IND@SAC 12/01/2018 10:00PM ET,SAC,25.61
PF/C,Larry Nance Jr. (11735319),Larry Nance Jr.,11735319,PF/C/F/UTIL,5500,TOR@CLE 12/01/2018 08:00PM ET,CLE,23.01
PF/C,Rondae Hollis-Jefferson (11735311),Rondae Hollis-Jefferson,11735311,PF/C/F/UTIL,5500,BKN@WAS 12/01/2018 07:00PM ET,BKN,21.43
SF/PF,Marcus Morris (11735315),Marcus Morris,11735315,SF/PF/F/UTIL,5500,BOS@MIN 12/01/2018 08:00PM ET,BOS,25.84
SG/SF,Bogdan Bogdanovic (11735306),Bogdan Bogdanovic,11735306,SG/SF/F/G/UTIL,5500,IND@SAC 12/01/2018 10:00PM ET,SAC,24.92
C,Jarrett Allen (11735326),Jarrett Allen,11735326,C/UTIL,5400,BKN@WAS 12/01/2018 07:00PM ET,BKN,30.18
SG/SF,Andrew Wiggins (11735328),Andrew Wiggins,11735328,SG/SF/F/G/UTIL,5400,BOS@MIN 12/01/2018 08:00PM ET,MIN,27.17
PG,Darren Collison (11735323),Darren Collison,11735323,PG/G/UTIL,5400,IND@SAC 12/01/2018 10:00PM ET,IND,22.19
SG/SF,Gordon Hayward (11735333),Gordon Hayward,11735333,SG/SF/F/G/UTIL,5300,BOS@MIN 12/01/2018 08:00PM ET,BOS,24.64
SG/SF,Bojan Bogdanovic (11735338),Bojan Bogdanovic,11735338,SG/SF/F/G/UTIL,5200,IND@SAC 12/01/2018 10:00PM ET,IND,24.06
PG/SG,Jordan Clarkson (11735343),Jordan Clarkson,11735343,PG/SG/G/UTIL,5100,TOR@CLE 12/01/2018 08:00PM ET,CLE,24.14
PF/C,Bobby Portis (11735347),Bobby Portis,11735347,PF/C/F/UTIL,5000,CHI@HOU 12/01/2018 08:00PM ET,CHI,29.12
PF,Lauri Markkanen (11735356),Lauri Markkanen,11735356,PF/F/UTIL,5000,CHI@HOU 12/01/2018 08:00PM ET,CHI,0
SG/SF,Tyreke Evans (11735351),Tyreke Evans,11735351,SG/SF/F/G/UTIL,5000,IND@SAC 12/01/2018 10:00PM ET,IND,21.01
SF,Cedi Osman (11735359),Cedi Osman,11735359,SF/F/UTIL,4900,TOR@CLE 12/01/2018 08:00PM ET,CLE,23.63
C,Jonas Valanciunas (11735362),Jonas Valanciunas,11735362,C/UTIL,4800,TOR@CLE 12/01/2018 08:00PM ET,TOR,26.14
SF/PF,Thaddeus Young (11735364),Thaddeus Young,11735364,SF/PF/F/UTIL,4700,IND@SAC 12/01/2018 10:00PM ET,IND,21.57
SG/SF,Rodney Hood (11735368),Rodney Hood,11735368,SG/SF/F/G/UTIL,4600,TOR@CLE 12/01/2018 08:00PM ET,CLE,21.5
C,Wendell Carter Jr. (11735373),Wendell Carter Jr.,11735373,C/UTIL,4600,CHI@HOU 12/01/2018 08:00PM ET,CHI,27.68
SG/SF,Danny Green (11735375),Danny Green,11735375,SG/SF/F/G/UTIL,4500,TOR@CLE 12/01/2018 08:00PM ET,TOR,20.61
SG/SF,Kelly Oubre Jr. (11735388),Kelly Oubre Jr.,11735388,SG/SF/F/G/UTIL,4500,BKN@WAS 12/01/2018 07:00PM ET,WAS,21.88
SG/SF,Jaylen Brown (11735383),Jaylen Brown,11735383,SG/SF/F/G/UTIL,4500,BOS@MIN 12/01/2018 08:00PM ET,BOS,20.37
PF,Dario Saric (11735393),Dario Saric,11735393,PF/F/UTIL,4500,BOS@MIN 12/01/2018 08:00PM ET,MIN,22.69
PG,Ryan Arcidiacono (11735380),Ryan Arcidiacono,11735380,PG/G/UTIL,4500,CHI@HOU 12/01/2018 08:00PM ET,CHI,20.06
PG/SG,Fred VanVleet (11735399),Fred VanVleet,11735399,PG/SG/G/UTIL,4400,TOR@CLE 12/01/2018 08:00PM ET,TOR,20.57
PG,Cory Joseph (11735396),Cory Joseph,11735396,PG/G/UTIL,4400,IND@SAC 12/01/2018 10:00PM ET,IND,20.27
PF/C,Taj Gibson (11735407),Taj Gibson,11735407,PF/C/F/UTIL,4300,BOS@MIN 12/01/2018 08:00PM ET,MIN,24.57
SF/PF,P.J. Tucker (11735403),P.J. Tucker,11735403,SF/PF/F/UTIL,4300,CHI@HOU 12/01/2018 08:00PM ET,HOU,21.54
PG/SG,Marcus Smart (11735411),Marcus Smart,11735411,PG/SG/G/UTIL,4200,BOS@MIN 12/01/2018 08:00PM ET,BOS,19.78
PG/SG,Terry Rozier (11735419),Terry Rozier,11735419,PG/SG/G/UTIL,4100,BOS@MIN 12/01/2018 08:00PM ET,BOS,18.18
SF/PF,Jonas Jerebko (11735415),Jonas Jerebko,11735415,SF/PF/F/UTIL,4100,GS@DET 12/01/2018 07:00PM ET,GS,17.91
SG/SF,Joe Harris (11735423),Joe Harris,11735423,SG/SF/F/G/UTIL,4000,BKN@WAS 12/01/2018 07:00PM ET,BKN,22.34
SF/PF,Stanley Johnson (11735428),Stanley Johnson,11735428,SF/PF/F/UTIL,4000,GS@DET 12/01/2018 07:00PM ET,DET,19.38
PG,Quinn Cook (11735432),Quinn Cook,11735432,PG/G/UTIL,4000,GS@DET 12/01/2018 07:00PM ET,GS,18.76
SF/PF,Sam Dekker (11735435),Sam Dekker,11735435,SF/PF/F/UTIL,3900,TOR@CLE 12/01/2018 08:00PM ET,CLE,14.86
SF/PF,Jeff Green (11735439),Jeff Green,11735439,SF/PF/F/UTIL,3900,BKN@WAS 12/01/2018 07:00PM ET,WAS,20.53
SF/PF,Nemanja Bjelica (11735443),Nemanja Bjelica,11735443,SF/PF/F/UTIL,3900,IND@SAC 12/01/2018 10:00PM ET,SAC,24.89
PG/SG,George Hill (11735447),George Hill,11735447,PG/SG/G/UTIL,3800,TOR@CLE 12/01/2018 08:00PM ET,CLE,21.48
SG/SF,Reggie Bullock (11735456),Reggie Bullock,11735456,SG/SF/F/G/UTIL,3800,GS@DET 12/01/2018 07:00PM ET,DET,19.42
SG/SF,James Ennis III (11735451),James Ennis III,11735451,SG/SF/F/G/UTIL,3800,CHI@HOU 12/01/2018 08:00PM ET,HOU,15.40
SG/SF,David Nwaba (11735466),David Nwaba,11735466,SG/SF/F/G/UTIL,3700,TOR@CLE 12/01/2018 08:00PM ET,CLE,12.79
SG/SF,Allen Crabbe (11735471),Allen Crabbe,11735471,SG/SF/F/G/UTIL,3700,BKN@WAS 12/01/2018 07:00PM ET,BKN,15.48
SG/SF,Andre Iguodala (11735476),Andre Iguodala,11735476,SG/SF/F/G/UTIL,3700,GS@DET 12/01/2018 07:00PM ET,GS,15.62
PF/C,Kevon Looney (11735481),Kevon Looney,11735481,PF/C/F/UTIL,3700,GS@DET 12/01/2018 07:00PM ET,GS,16.85
SG/SF,Iman Shumpert (11735461),Iman Shumpert,11735461,SG/SF/F/G/UTIL,3700,IND@SAC 12/01/2018 10:00PM ET,SAC,19.75
PG,Ish Smith (11735485),Ish Smith,11735485,PG/G/UTIL,3600,GS@DET 12/01/2018 07:00PM ET,DET,18.88
PG,Aaron Holiday (11735488),Aaron Holiday,11735488,PG/G/UTIL,3600,IND@SAC 12/01/2018 10:00PM ET,IND,11.73
SG/SF,Alec Burks (11735491),Alec Burks,11735491,SG/SF/F/G/UTIL,3500,TOR@CLE 12/01/2018 08:00PM ET,CLE,14.43
PG/SG,Austin Rivers (11735496),Austin Rivers,11735496,PG/SG/G/UTIL,3500,BKN@WAS 12/01/2018 07:00PM ET,WAS,14.80
PG/SG,Langston Galloway (11735508),Langston Galloway,11735508,PG/SG/G/UTIL,3500,GS@DET 12/01/2018 07:00PM ET,DET,15.99
SF/PF,Carmelo Anthony (11735500),Carmelo Anthony,11735500,SF/PF/F/UTIL,3500,CHI@HOU 12/01/2018 08:00PM ET,HOU,23.75
SF/PF,Doug McDermott (11735504),Doug McDermott,11735504,SF/PF/F/UTIL,3500,IND@SAC 12/01/2018 10:00PM ET,IND,11.54
PG/SG,Delon Wright (11735517),Delon Wright,11735517,PG/SG/G/UTIL,3400,TOR@CLE 12/01/2018 08:00PM ET,TOR,12.64
PG/SG,Tomas Satoransky (11735521),Tomas Satoransky,11735521,PG/SG/G/UTIL,3400,BKN@WAS 12/01/2018 07:00PM ET,WAS,12.74
SF/PF,DeMarre Carroll (11735525),DeMarre Carroll,11735525,SF/PF/F/UTIL,3400,BKN@WAS 12/01/2018 07:00PM ET,BKN,17.42
PF/C,Ed Davis (11735529),Ed Davis,11735529,PF/C/F/UTIL,3400,BKN@WAS 12/01/2018 07:00PM ET,BKN,18.56
C,Aron Baynes (11735515),Aron Baynes,11735515,C/UTIL,3400,BOS@MIN 12/01/2018 08:00PM ET,BOS,15.30
SF,Justin Jackson (11735512),Justin Jackson,11735512,SF/F/UTIL,3400,IND@SAC 12/01/2018 10:00PM ET,SAC,13.92
SF,OG Anunoby (11735533),OG Anunoby,11735533,SF/F/UTIL,3300,TOR@CLE 12/01/2018 08:00PM ET,TOR,14.57
SG/SF,J.R. Smith (11735536),J.R. Smith,11735536,SG/SF/F/G/UTIL,3300,TOR@CLE 12/01/2018 08:00PM ET,CLE,14.23
C,Thomas Bryant (11735541),Thomas Bryant,11735541,C/UTIL,3300,BKN@WAS 12/01/2018 07:00PM ET,WAS,11.06
PF/C,Gorgui Dieng (11735543),Gorgui Dieng,11735543,PF/C/F/UTIL,3300,BOS@MIN 12/01/2018 08:00PM ET,MIN,13.90
SG,Josh Okogie (11735547),Josh Okogie,11735547,SG/G/UTIL,3300,BOS@MIN 12/01/2018 08:00PM ET,MIN,16.25
C,Damian Jones (11735560),Damian Jones,11735560,C/UTIL,3300,GS@DET 12/01/2018 07:00PM ET,GS,13.63
PF,Jordan Bell (11735562),Jordan Bell,11735562,PF/F/UTIL,3300,GS@DET 12/01/2018 07:00PM ET,GS,10.49
C,Nene Hilario (11735550),Nene Hilario,11735550,C/UTIL,3300,CHI@HOU 12/01/2018 08:00PM ET,HOU,0
SG/SF,Gerald Green (11735552),Gerald Green,11735552,SG/SF/F/G/UTIL,3300,CHI@HOU 12/01/2018 08:00PM ET,HOU,11.94
PG,Shaquille Harrison (11735557),Shaquille Harrison,11735557,PG/G/UTIL,3300,CHI@HOU 12/01/2018 08:00PM ET,CHI,16.59
C,Robin Lopez (11735565),Robin Lopez,11735565,C/UTIL,3300,CHI@HOU 12/01/2018 08:00PM ET,CHI,11.54
SG,Malachi Richardson (11735579),Malachi Richardson,11735579,SG/G/UTIL,3200,TOR@CLE 12/01/2018 08:00PM ET,TOR,2.64
PG,Lorenzo Brown (11735582),Lorenzo Brown,11735582,PG/G/UTIL,3200,TOR@CLE 12/01/2018 08:00PM ET,TOR,7.29
C,Greg Monroe (11735585),Greg Monroe,11735585,C/UTIL,3200,TOR@CLE 12/01/2018 08:00PM ET,TOR,8.25
PG,Andrew Harrison (11735587),Andrew Harrison,11735587,PG/G/UTIL,3200,TOR@CLE 12/01/2018 08:00PM ET,CLE,8.89
PG/SG,Shabazz Napier (11735590),Shabazz Napier,11735590,PG/SG/G/UTIL,3200,BKN@WAS 12/01/2018 07:00PM ET,BKN,14.57
PG,Tyus Jones (11735594),Tyus Jones,11735594,PG/G/UTIL,3200,BOS@MIN 12/01/2018 08:00PM ET,MIN,13.75
PG,Shaun Livingston (11735573),Shaun Livingston,11735573,PG/G/UTIL,3200,GS@DET 12/01/2018 07:00PM ET,GS,13.27
C,Zaza Pachulia (11735597),Zaza Pachulia,11735597,C/UTIL,3200,GS@DET 12/01/2018 07:00PM ET,DET,12.64
SF,Gary Clark (11735567),Gary Clark,11735567,SF/F/UTIL,3200,CHI@HOU 12/01/2018 08:00PM ET,HOU,11.14
SG,Danuel House (11735599),Danuel House,11735599,SG/G/UTIL,3200,CHI@HOU 12/01/2018 08:00PM ET,HOU,17.25
PF,Harry Giles (11735570),Harry Giles,11735570,PF/F/UTIL,3200,IND@SAC 12/01/2018 10:00PM ET,SAC,12.15
SG,Troy Williams (11735576),Troy Williams,11735576,SG/G/UTIL,3200,IND@SAC 12/01/2018 10:00PM ET,SAC,12.04
SG/SF,C.J. Miles (11735610),C.J. Miles,11735610,SG/SF/F/G/UTIL,3100,TOR@CLE 12/01/2018 08:00PM ET,TOR,9.94
SG/SF,Norman Powell (11735615),Norman Powell,11735615,SG/SF/F/G/UTIL,3100,TOR@CLE 12/01/2018 08:00PM ET,TOR,11
C,Ante Zizic (11735620),Ante Zizic,11735620,C/UTIL,3100,TOR@CLE 12/01/2018 08:00PM ET,CLE,7.46
PF/C,Jason Smith (11735622),Jason Smith,11735622,PF/C/F/UTIL,3100,BKN@WAS 12/01/2018 07:00PM ET,WAS,10.20
SF/PF,Jared Dudley (11735626),Jared Dudley,11735626,SF/PF/F/UTIL,3100,BKN@WAS 12/01/2018 07:00PM ET,BKN,11.97
SF/PF,Glenn Robinson III (11735606),Glenn Robinson III,11735606,SF/PF/F/UTIL,3100,GS@DET 12/01/2018 07:00PM ET,DET,9.32
PF,Alfonzo McKinnie (11735630),Alfonzo McKinnie,11735630,PF/F/UTIL,3100,GS@DET 12/01/2018 07:00PM ET,GS,12.86
SG,Bruce Brown Jr. (11735633),Bruce Brown Jr.,11735633,SG/G/UTIL,3100,GS@DET 12/01/2018 07:00PM ET,DET,8.40
SG,Damion Lee (11735639),Damion Lee,11735639,SG/G/UTIL,3100,GS@DET 12/01/2018 07:00PM ET,GS,10.54
PF/C,Kyle O'Quinn (11735602),Kyle O'Quinn,11735602,PF/C/F/UTIL,3100,IND@SAC 12/01/2018 10:00PM ET,IND,7.83
PF,TJ Leaf (11735636),TJ Leaf,11735636,PF/F/UTIL,3100,IND@SAC 12/01/2018 10:00PM ET,IND,4.71
PG,Jordan Loyd (11735648),Jordan Loyd,11735648,PG/G/UTIL,3000,TOR@CLE 12/01/2018 08:00PM ET,TOR,6.75
PF,Chris Boucher (11735651),Chris Boucher,11735651,PF/F/UTIL,3000,TOR@CLE 12/01/2018 08:00PM ET,TOR,9.42
PF,Billy Preston (11735654),Billy Preston,11735654,PF/F/UTIL,3000,TOR@CLE 12/01/2018 08:00PM ET,CLE,0
PF/C,Channing Frye (11735657),Channing Frye,11735657,PF/C/F/UTIL,3000,TOR@CLE 12/01/2018 08:00PM ET,CLE,6.12
C,Ian Mahinmi (11735661),Ian Mahinmi,11735661,C/UTIL,3000,BKN@WAS 12/01/2018 07:00PM ET,WAS,10.67
PF,Okaro White (11735663),Okaro White,11735663,PF/F/UTIL,3000,BKN@WAS 12/01/2018 07:00PM ET,WAS,2.5
PG/SG,Jordan McRae (11735666),Jordan McRae,11735666,PG/SG/G/UTIL,3000,BKN@WAS 12/01/2018 07:00PM ET,WAS,4
SG,Devin Robinson (11735670),Devin Robinson,11735670,SG/G/UTIL,3000,BKN@WAS 12/01/2018 07:00PM ET,WAS,12.5
SF,Troy Brown (11735673),Troy Brown,11735673,SF/F/UTIL,3000,BKN@WAS 12/01/2018 07:00PM ET,WAS,6.25
PF/C,Kenneth Faried (11735676),Kenneth Faried,11735676,PF/C/F/UTIL,3000,BKN@WAS 12/01/2018 07:00PM ET,BKN,6.04
SG/SF,Treveon Graham (11735680),Treveon Graham,11735680,SG/SF/F/G/UTIL,3000,BKN@WAS 12/01/2018 07:00PM ET,BKN,3.75
C,Alan Williams (11735685),Alan Williams,11735685,C/UTIL,3000,BKN@WAS 12/01/2018 07:00PM ET,BKN,0
SF,Dzanan Musa (11735687),Dzanan Musa,11735687,SF/F/UTIL,3000,BKN@WAS 12/01/2018 07:00PM ET,BKN,2.96
PF,Rodions Kurucs (11735690),Rodions Kurucs,11735690,PF/F/UTIL,3000,BKN@WAS 12/01/2018 07:00PM ET,BKN,10.89
SG,Theo Pinson (11735693),Theo Pinson,11735693,SG/G/UTIL,3000,BKN@WAS 12/01/2018 07:00PM ET,BKN,3.88
SF,Keita Bates-Diop (11735696),Keita Bates-Diop,11735696,SF/F/UTIL,3000,BOS@MIN 12/01/2018 08:00PM ET,MIN,4.88
PG,Jared Terrell (11735699),Jared Terrell,11735699,PG/G/UTIL,3000,BOS@MIN 12/01/2018 08:00PM ET,MIN,12.25
SF/PF,Anthony Tolliver (11735702),Anthony Tolliver,11735702,SF/PF/F/UTIL,3000,BOS@MIN 12/01/2018 08:00PM ET,MIN,12.2
SF/PF,Luol Deng (11735706),Luol Deng,11735706,SF/PF/F/UTIL,3000,BOS@MIN 12/01/2018 08:00PM ET,MIN,9.58
PG/SG,Jerryd Bayless (11735710),Jerryd Bayless,11735710,PG/SG/G/UTIL,3000,BOS@MIN 12/01/2018 08:00PM ET,MIN,0
SG/SF,C.J. Williams (11735714),C.J. Williams,11735714,SG/SF/F/G/UTIL,3000,BOS@MIN 12/01/2018 08:00PM ET,MIN,3.5
SG/SF,James Nunnally (11735719),James Nunnally,11735719,SG/SF/F/G/UTIL,3000,BOS@MIN 12/01/2018 08:00PM ET,MIN,4.04
PG/SG,Brad Wanamaker (11735724),Brad Wanamaker,11735724,PG/SG/G/UTIL,3000,BOS@MIN 12/01/2018 08:00PM ET,BOS,6.17
SG,Jabari Bird (11735728),Jabari Bird,11735728,SG/G/UTIL,3000,BOS@MIN 12/01/2018 08:00PM ET,BOS,0
PG,Walt Lemon Jr. (11735731),Walt Lemon Jr.,11735731,PG/G/UTIL,3000,BOS@MIN 12/01/2018 08:00PM ET,BOS,0
PF,Semi Ojeleye (11735734),Semi Ojeleye,11735734,PF/F/UTIL,3000,BOS@MIN 12/01/2018 08:00PM ET,BOS,5.28
PG,PJ Dozier (11735737),PJ Dozier,11735737,PG/G/UTIL,3000,BOS@MIN 12/01/2018 08:00PM ET,BOS,12.5
PF,Guerschon Yabusele (11735740),Guerschon Yabusele,11735740,PF/F/UTIL,3000,BOS@MIN 12/01/2018 08:00PM ET,BOS,4.68
C,Robert Williams (11735743),Robert Williams,11735743,C/UTIL,3000,BOS@MIN 12/01/2018 08:00PM ET,BOS,5.75
PF/C,Daniel Theis (11735745),Daniel Theis,11735745,PF/C/F/UTIL,3000,BOS@MIN 12/01/2018 08:00PM ET,BOS,10.5
SF,Marcus Derrickson (11735749),Marcus Derrickson,11735749,SF/F/UTIL,3000,GS@DET 12/01/2018 07:00PM ET,GS,1.38
SG,Jacob Evans III (11735752),Jacob Evans III,11735752,SG/G/UTIL,3000,GS@DET 12/01/2018 07:00PM ET,GS,2.69
SG/SF,Luke Kennard (11735755),Luke Kennard,11735755,SG/SF/F/G/UTIL,3000,GS@DET 12/01/2018 07:00PM ET,DET,10.58
SG,Khyri Thomas (11735760),Khyri Thomas,11735760,SG/G/UTIL,3000,GS@DET 12/01/2018 07:00PM ET,DET,2.58
PF,Henry Ellenson (11735763),Henry Ellenson,11735763,PF/F/UTIL,3000,GS@DET 12/01/2018 07:00PM ET,DET,11.25
PG,Keenan Evans (11735766),Keenan Evans,11735766,PG/G/UTIL,3000,GS@DET 12/01/2018 07:00PM ET,DET,0
PG,Zach Lofton (11735769),Zach Lofton,11735769,PG/G/UTIL,3000,GS@DET 12/01/2018 07:00PM ET,DET,1.5
PG,Jose Calderon (11735772),Jose Calderon,11735772,PG/G/UTIL,3000,GS@DET 12/01/2018 07:00PM ET,DET,5.96
PF/C,Jon Leuer (11735775),Jon Leuer,11735775,PF/C/F/UTIL,3000,GS@DET 12/01/2018 07:00PM ET,DET,6.03
PF,Isaiah Hartenstein (11735642),Isaiah Hartenstein,11735642,PF/F/UTIL,3000,CHI@HOU 12/01/2018 08:00PM ET,HOU,5.98
PG,Antonio Blakeney (11735645),Antonio Blakeney,11735645,PG/G/UTIL,3000,CHI@HOU 12/01/2018 08:00PM ET,CHI,14.41
SF,Vincent Edwards (11735779),Vincent Edwards,11735779,SF/F/UTIL,3000,CHI@HOU 12/01/2018 08:00PM ET,HOU,4.75
PF/C,Marquese Chriss (11735782),Marquese Chriss,11735782,PF/C/F/UTIL,3000,CHI@HOU 12/01/2018 08:00PM ET,HOU,4.5
C,Zhou Qi (11735786),Zhou Qi,11735786,C/UTIL,3000,CHI@HOU 12/01/2018 08:00PM ET,HOU,2
PG/SG,Brandon Knight (11735788),Brandon Knight,11735788,PG/SG/G/UTIL,3000,CHI@HOU 12/01/2018 08:00PM ET,HOU,0
PG,Michael Carter-Williams (11735792),Michael Carter-Williams,11735792,PG/G/UTIL,3000,CHI@HOU 12/01/2018 08:00PM ET,HOU,8.69
SG,Chandler Hutchison (11735795),Chandler Hutchison,11735795,SG/G/UTIL,3000,CHI@HOU 12/01/2018 08:00PM ET,CHI,12.14
PG,Rawle Alkins (11735798),Rawle Alkins,11735798,PG/G/UTIL,3000,CHI@HOU 12/01/2018 08:00PM ET,CHI,0
C,Cristiano Felicio (11735801),Cristiano Felicio,11735801,C/UTIL,3000,CHI@HOU 12/01/2018 08:00PM ET,CHI,9.28
PG/SG,Cameron Payne (11735803),Cameron Payne,11735803,PG/SG/G/UTIL,3000,CHI@HOU 12/01/2018 08:00PM ET,CHI,14
PG,Tyler Ulis (11735807),Tyler Ulis,11735807,PG/G/UTIL,3000,CHI@HOU 12/01/2018 08:00PM ET,CHI,0
SG/SF,Denzel Valentine (11735810),Denzel Valentine,11735810,SG/SF/F/G/UTIL,3000,CHI@HOU 12/01/2018 08:00PM ET,CHI,0
PF/C,Skal Labissiere (11735815),Skal Labissiere,11735815,PF/C/F/UTIL,3000,IND@SAC 12/01/2018 10:00PM ET,SAC,5.11
PG,Frank Mason III (11735819),Frank Mason III,11735819,PG/G/UTIL,3000,IND@SAC 12/01/2018 10:00PM ET,SAC,12.3
SF,Wenyen Gabriel (11735822),Wenyen Gabriel,11735822,SF/F/UTIL,3000,IND@SAC 12/01/2018 10:00PM ET,SAC,0
C,Kosta Koufos (11735825),Kosta Koufos,11735825,C/UTIL,3000,IND@SAC 12/01/2018 10:00PM ET,SAC,14.93
PF/C,Zach Randolph (11735827),Zach Randolph,11735827,PF/C/F/UTIL,3000,IND@SAC 12/01/2018 10:00PM ET,SAC,0
SG/SF,Ben McLemore (11735831),Ben McLemore,11735831,SG/SF/F/G/UTIL,3000,IND@SAC 12/01/2018 10:00PM ET,SAC,2.75
PG/SG,Yogi Ferrell (11735836),Yogi Ferrell,11735836,PG/SG/G/UTIL,3000,IND@SAC 12/01/2018 10:00PM ET,SAC,9.92
PF/C,Ike Anigbogu (11735840),Ike Anigbogu,11735840,PF/C/F/UTIL,3000,IND@SAC 12/01/2018 10:00PM ET,IND,2.25
PF,Alize Johnson (11735844),Alize Johnson,11735844,PF/F/UTIL,3000,IND@SAC 12/01/2018 10:00PM ET,IND,2.33
PG,Edmond Sumner (11735847),Edmond Sumner,11735847,PG/G/UTIL,3000,IND@SAC 12/01/2018 10:00PM ET,IND,1.54
SG,Davon Reed (11735850),Davon Reed,11735850,SG/G/UTIL,3000,IND@SAC 12/01/2018 10:00PM ET,IND,0
